index,product_name,image_url,source,notes
1,Acqua di Parma Colonia,https://img.xssdcdn.com/perfume/197428.jpg,nosetime,NoseTime product image (ID 197428)
2,Acqua di Parma Colonia,https://img.xssdcdn.com/perfume/197428.jpg,nosetime,NoseTime product image (ID 197428)
3,Acqua di Parma Fico di Amalfi,https://img.xssdcdn.com/perfume/195551.jpg,nosetime,NoseTime product image (ID 195551)
4,Amouage Reflection Man,https://img.xssdcdn.com/perfume/612507.jpg,nosetime,NoseTime product image (ID 612507)
5,Amouage Reflection Man,https://img.xssdcdn.com/perfume/612507.jpg,nosetime,NoseTime product image (ID 612507)
6,Byredo Bal d'Afrique,https://img.xssdcdn.com/perfume/351576.jpg,nosetime,NoseTime product image (ID 351576)
7,Byredo Gypsy Water,https://img.xssdcdn.com/perfume/794185.jpg,nosetime,NoseTime product image (ID 794185)
8,Byredo Gypsy Water,https://img.xssdcdn.com/perfume/794185.jpg,nosetime,NoseTime product image (ID 794185)
9,Byredo Mojave Ghost,https://img.xssdcdn.com/perfume/543090.jpg,nosetime,NoseTime product image (ID 543090)
10,Calvin Klein CK One,https://img.xssdcdn.com/perfume/237782.jpg,nosetime,NoseTime product image (ID 237782)
11,Chanel Allure Homme Sport,https://img.xssdcdn.com/perfume/169415.jpg,nosetime,NoseTime product image (ID 169415)
12,Chanel Bleu de Chanel,https://img.xssdcdn.com/perfume/176433.jpg,nosetime,NoseTime product image (ID 176433)
13,Chanel Coco Mademoiselle,https://img.xssdcdn.com/perfume/748009.jpg,nosetime,NoseTime product image (ID 748009)
14,Chanel No. 5,https://img.xssdcdn.com/perfume/331972.jpg,nosetime,NoseTime product image (ID 331972)
15,Chanel No. 5,https://img.xssdcdn.com/perfume/331972.jpg,nosetime,NoseTime product image (ID 331972)
16,Creed Aventus,https://fimgs.net/mdimg/perfume-thumbs/375x500.33519.2x.avif,fimgs,Fragrantica image host (fimgs.net) - AVIF
17,Creed Aventus,https://fimgs.net/mdimg/perfume-thumbs/375x500.33519.2x.avif,fimgs,Fragrantica image host (fimgs.net) - AVIF
18,Creed Green Irish Tweed,https://img.xssdcdn.com/perfume/631564.jpg,nosetime,NoseTime product image (ID 631564)
19,Creed Silver Mountain Water,https://fimgs.net/mdimg/perfume-thumbs/375x500.378.2x.avif,fimgs,Fragrantica image host (fimgs.net) - AVIF
20,Creed Virgin Island Water,https://img.xssdcdn.com/perfume/921327.jpg,nosetime,NoseTime product image (ID 921327)
21,Dior Homme,https://img.xssdcdn.com/perfume/164886.jpg,nosetime,NoseTime product image (ID 164886)
22,Dior Miss Dior,https://img.xssdcdn.com/perfume/306023.jpg,nosetime,NoseTime product image (ID 306023)
23,Dior Sauvage,https://img.xssdcdn.com/perfume/855874.jpg,nosetime,NoseTime product image (ID 855874)
24,Dior Sauvage,https://img.xssdcdn.com/perfume/855874.jpg,nosetime,NoseTime product image (ID 855874)
25,Diptyque Do Son,https://img.xssdcdn.com/perfume/623126.jpg,nosetime,NoseTime product image (ID 623126)
26,Diptyque Philosykos,https://img.xssdcdn.com/perfume/560393.jpg,nosetime,NoseTime product image (ID 560393) - EDP
27,Diptyque Philosykos,https://img.xssdcdn.com/perfume/560393.jpg,nosetime,NoseTime product image (ID 560393) - EDP
28,Diptyque Tam Dao,https://img.xssdcdn.com/perfume/335319.jpg,nosetime,NoseTime product image (ID 335319) - EDP
29,Frederic Malle Musc Ravageur,https://img.xssdcdn.com/perfume/872839.jpg,nosetime,NoseTime product image (ID 872839)
30,Giorgio Armani Acqua di Gio,https://img.xssdcdn.com/perfume/775367.jpg,nosetime,NoseTime product image (ID 775367)
31,Hermès Terre d'Hermès,https://img.xssdcdn.com/perfume/449262.jpg,nosetime,NoseTime product image (ID 449262)
32,Hermès Terre d'Hermès,https://img.xssdcdn.com/perfume/449262.jpg,nosetime,NoseTime product image (ID 449262)
33,Hermès Twilly d'Hermès,https://img.xssdcdn.com/perfume/730341.jpg,nosetime,NoseTime product image (ID 730341) - Twilly Eau Ginger (closest match found)
34,Hermès Un Jardin sur le Nil,https://img.xssdcdn.com/perfume/251428.jpg,nosetime,NoseTime product image (ID 251428)
35,Jo Malone English Pear & Freesia,https://img.xssdcdn.com/perfume/526205.jpg,nosetime,NoseTime product image (ID 526205)
36,"Kilian Love, Don't Be Shy",https://img.xssdcdn.com/perfume/221929.jpg,nosetime,NoseTime product image (ID 221929)
37,L'Artisan Parfumeur Tea for Two,https://img.xssdcdn.com/perfume/161858.jpg,nosetime,NoseTime product image (ID 161858)
38,Le Labo Bergamote 22,https://img.xssdcdn.com/perfume/980225.jpg,nosetime,NoseTime product image (ID 980225)
39,Le Labo Rose 31,https://img.xssdcdn.com/perfume/755507.jpg,nosetime,NoseTime product image (ID 755507)
40,Le Labo Santal 33,https://img.xssdcdn.com/perfume/322585.jpg,nosetime,NoseTime product image (ID 322585)
41,Le Labo Santal 33,https://img.xssdcdn.com/perfume/322585.jpg,nosetime,NoseTime product image (ID 322585)
42,Maison Francis Kurkdjian Baccarat Rouge 540,https://img.xssdcdn.com/perfume/333099.jpg,nosetime,NoseTime product image (ID 333099)
43,Maison Francis Kurkdjian Baccarat Rouge 540,https://img.xssdcdn.com/perfume/333099.jpg,nosetime,NoseTime product image (ID 333099)
44,Maison Margiela REPLICA Beach Walk,https://img.xssdcdn.com/perfume/136059.jpg,nosetime,NoseTime product image (ID 136059)
45,Maison Margiela REPLICA By the Fireplace,https://img.xssdcdn.com/perfume/807499.jpg,nosetime,NoseTime product image (ID 807499)
46,Maison Margiela REPLICA Jazz Club,https://img.xssdcdn.com/perfume/176110.jpg,nosetime,NoseTime product image (ID 176110)
47,Maison Margiela REPLICA Jazz Club,https://img.xssdcdn.com/perfume/176110.jpg,nosetime,NoseTime product image (ID 176110)
48,Penhaligon's Halfeti,https://img.xssdcdn.com/perfume/100124.jpg,nosetime,NoseTime product image (ID 100124) - Halfeti Leather (closest match found)
49,Penhaligon's Portraits Collection,https://img.xssdcdn.com/perfume/467371.jpg,nosetime,NoseTime product image (ID 467371) - Portraits line example (The Bewitching Yasmine)
50,Serge Lutens Chergui,https://img.xssdcdn.com/perfume/569269.jpg,nosetime,NoseTime product image (ID 569269)
51,Tom Ford Black Orchid,https://img.xssdcdn.com/perfume/722826.jpg,nosetime,NoseTime product image (ID 722826) - EDT
52,Tom Ford Black Orchid,https://img.xssdcdn.com/perfume/722826.jpg,nosetime,NoseTime product image (ID 722826) - EDT
53,Tom Ford Neroli Portofino,https://img.xssdcdn.com/perfume/953371.jpg,nosetime,NoseTime product image (ID 953371)
54,Tom Ford Oud Wood,https://img.xssdcdn.com/perfume/936598.jpg,nosetime,NoseTime product image (ID 936598)
55,Tom Ford Santal Blush,https://img.xssdcdn.com/perfume/782907.jpg,nosetime,NoseTime product image (ID 782907)
56,Tom Ford Tobacco Vanille,https://img.xssdcdn.com/perfume/543124.jpg,nosetime,NoseTime product image (ID 543124)
57,Yves Saint Laurent Black Opium,https://img.xssdcdn.com/perfume/502107.jpg,nosetime,NoseTime product image (ID 502107)
58,Yves Saint Laurent La Nuit de L'Homme,https://img.xssdcdn.com/perfume/906858.jpg,nosetime,NoseTime product image (ID 906858)
59,Yves Saint Laurent Libre,https://img.xssdcdn.com/perfume/498371.jpg,nosetime,NoseTime product image (ID 498371)
60,Yves Saint Laurent Opium,https://img.xssdcdn.com/perfume/203618.jpg,nosetime,NoseTime product image (ID 203618)
