序号,品牌,名称,ID,已有图片URL
1,"Acqua di Parma","Colonia","cmkjqlorn000fikqdpcp0qksy",""
2,"Acqua di Parma","Colonia","cmkjpyvqf008gjxqdoz2blwst",""
3,"Acqua di Parma","Fico di Amalfi","cmkjpywuv008njxqddy1pi3h0",""
4,"Amouage","Reflection Man","cmkjpyyil008ujxqdrtf12l4w",""
5,"Amouage","Reflection Man","cmkjqlorn000iikqdbbds2ydm",""
6,"Byredo","Bal d'Afrique","cmkjpyg160066jxqdsv98kn7n",""
7,"Byredo","Gypsy Water","cmkjqlorn0009ikqdb28opccy",""
8,"Byredo","Gypsy Water","cmkjpyexo005zjxqdujsr23d3",""
9,"Byredo","Mojave Ghost","cmkjpyh93006ejxqdatfbg9vo",""
10,"Calvin Klein","CK One","cmkjqlorn0006ikqdnnw4jzhy",""
11,"Chanel","Allure Homme Sport","cmkjpy0hw003wjxqdwip21xlx",""
12,"Chanel","Bleu de Chanel","cmkjpxz0p003ojxqd1phopeur",""
13,"Chanel","Coco Mademoiselle","cmkjpxxfx003fjxqdw65bhws3",""
14,"Chanel","No. 5","cmkjpxvus0036jxqde8j67k2q",""
15,"Chanel","No. 5","cmkjqlorl0000ikqdjimhy2ea",""
16,"Creed","Aventus","cmkjpxior0014jxqdmct63eb4",""
17,"Creed","Aventus","cmkjqlorn0003ikqdasz538ev",""
18,"Creed","Green Irish Tweed","cmkjpxnb2001ujxqdmdp26g2c",""
19,"Creed","Silver Mountain Water","cmkjpxk4a001ejxqd6uto06w2",""
20,"Creed","Virgin Island Water","cmkjpxlud001mjxqdqp7o397i",""
21,"Dior","Homme","cmkjpy59c004kjxqd2n4xgu62",""
22,"Dior","Miss Dior","cmkjpy415004cjxqd6yxr35d5",""
23,"Dior","Sauvage","cmkjqlorn0001ikqdxb8t7d9b",""
24,"Dior","Sauvage","cmkjpy27d0044jxqdhmcgta48",""
25,"Diptyque","Do Son","cmkjpytt70089jxqddcqftshu",""
26,"Diptyque","Philosykos","cmkjpyr20007vjxqdy3fgzlof",""
27,"Diptyque","Philosykos","cmkjqlorn000dikqdl49wjknj",""
28,"Diptyque","Tam Dao","cmkjpysfk0082jxqdannd2put",""
29,"Frederic Malle","Musc Ravageur","cmkjqlorn000jikqd2qyuaho0",""
30,"Giorgio Armani","Acqua di Gio","cmkjqlorn0005ikqd60zv2uu0",""
31,"Hermès","Terre d'Hermès","cmkjqlorn0007ikqdlu65hvvx",""
32,"Hermès","Terre d'Hermès","cmkjpyb1v005ejxqdizolujyh",""
33,"Hermès","Twilly d'Hermès","cmkjpycp9005ljxqdjntjj2fq",""
34,"Hermès","Un Jardin sur le Nil","cmkjpydtf005sjxqdffec4jjl",""
35,"Jo Malone","English Pear & Freesia","cmkjqlorn000bikqdmaczrmcq",""
36,"Kilian","Love, Don't Be Shy","cmkjpz1ro009ajxqdxt41cnwm",""
37,"L'Artisan Parfumeur","Tea for Two","cmkjqlorn000gikqdim62e3m6",""
38,"Le Labo","Bergamote 22","cmkjpyl940070jxqdle7q6h1b",""
39,"Le Labo","Rose 31","cmkjpyjuf006tjxqdxrhznj21",""
40,"Le Labo","Santal 33","cmkjpyicv006ljxqdvz834j43",""
41,"Le Labo","Santal 33","cmkjqlorn000aikqdgdc4ug4f",""
42,"Maison Francis Kurkdjian","Baccarat Rouge 540","cmkjqlorn000cikqdcjuiw1mk",""
43,"Maison Francis Kurkdjian","Baccarat Rouge 540","cmkjpz39h009ijxqd8otfgay2",""
44,"Maison Margiela","REPLICA Beach Walk","cmkjpypy4007ojxqdw353j65g",""
45,"Maison Margiela","REPLICA By the Fireplace","cmkjpyny0007gjxqdpju7nrcy",""
46,"Maison Margiela","REPLICA Jazz Club","cmkjpympu0078jxqdlx7htzvf",""
47,"Maison Margiela","REPLICA Jazz Club","cmkjqlorn0008ikqdmogk91an",""
48,"Penhaligon's","Halfeti","cmkjpyzqk0092jxqdxekd7t0i",""
49,"Penhaligon's","Portraits Collection","cmkjqlorn000eikqdd8v4flym",""
50,"Serge Lutens","Chergui","cmkjqlorn000hikqdjxn3v95s",""
51,"Tom Ford","Black Orchid","cmkjqlorn0002ikqdd78xl7ak",""
52,"Tom Ford","Black Orchid","cmkjpxorl0022jxqdilj68c2x",""
53,"Tom Ford","Neroli Portofino","cmkjpxsx1002qjxqd3qq4s4ii",""
54,"Tom Ford","Oud Wood","cmkjpxq8f002ajxqd5mihs24n",""
55,"Tom Ford","Santal Blush","cmkjpxu4h002yjxqdr3naj8xm",""
56,"Tom Ford","Tobacco Vanille","cmkjpxrp4002ijxqd9ualn3tc",""
57,"Yves Saint Laurent","Black Opium","cmkjpy6w2004rjxqdga2xj21q",""
58,"Yves Saint Laurent","La Nuit de L'Homme","cmkjpy9m10057jxqdhhtnop1t",""
59,"Yves Saint Laurent","Libre","cmkjpy852004zjxqd2hy864h7",""
60,"Yves Saint Laurent","Opium","cmkjqlorn0004ikqdhalal0aa",""